Workbook

Sheet Personnel
C3: Personnel — Monthly Base Salary and Contract Classification
C5: COO / PU General Manager excluded and treated separately | Repatriates transition to Local — Venezuela from M7 after a one-time transition bonus
C6: USD | M1–M12 = annual base salary / 12 | One-time transition bonus is not included in monthly base salary | 8 people only
C8: # | D8: Position | E8: Person | F8: Contract Type M1–M6 | G8: Expatriate? | H8: Work Arrangement | I8: M7+ Employment Basis | J8: One-Time Transition Bonus (M7) | K8: Classification Status | L8: Notes | M8: M1 | N8: M2 | O8: M3 | P8: M4 | Q8: M5 | R8: M6 | S8: M7 | T8: M8 | U8: M9 | V8: M10 | W8: M11 | X8: M12 | Y8: Base Salary Annual
C9: 1 | D9: EPCM & Engineering Manager | E9: Juan Conde | F9: Repatriate | G9: =IF(F9="Expat","Yes","No") -> No | H9: Fixed | I9: =IF(F9="Repatriate","Local — Venezuela",F9) -> Local — Venezuela | J9: Eligible — one-time; amount TBD | K9: Confirmed | L9: Repatriate; transitions to Local — Venezuela from M7 after the one-time transition bonus. | M9: =$Y9/12 -> 18000 | N9: =$Y9/12 -> 18000 | O9: =$Y9/12 -> 18000 | P9: =$Y9/12 -> 18000 | Q9: =$Y9/12 -> 18000 | R9: =$Y9/12 -> 18000 | S9: =$Y9/12 -> 18000 | T9: =$Y9/12 -> 18000 | ... X9: =$Y9/12 -> 18000 | Y9: 216000
C10: 2 | D10: Drilling & Well Services Manager | E10: Alexander Stulme | F10: Repatriate | G10: =IF(F10="Expat","Yes","No") -> No | H10: Fixed | I10: =IF(F10="Repatriate","Local — Venezuela",F10) -> Local — Venezuela | J10: Eligible — one-time; amount TBD | K10: Confirmed | L10: Repatriate; initially appointed General Manager of PU on secondment; transitions to Local — Venezuela from M7. | M10: =$Y10/12 -> 15000 | N10: =$Y10/12 -> 15000 | O10: =$Y10/12 -> 15000 | P10: =$Y10/12 -> 15000 | Q10: =$Y10/12 -> 15000 | R10: =$Y10/12 -> 15000 | S10: =$Y10/12 -> 15000 | T10: =$Y10/12 -> 15000 | ... X10: =$Y10/12 -> 15000 | Y10: 180000
C11: 3 | D11: Operations & Maintenance Manager | E11: Félix Valderrama | F11: Repatriate | G11: =IF(F11="Expat","Yes","No") -> No | H11: Fixed | I11: =IF(F11="Repatriate","Local — Venezuela",F11) -> Local — Venezuela | J11: Eligible — one-time; amount TBD | K11: Confirmed | L11: Repatriate; transitions to Local — Venezuela from M7 after the one-time transition bonus. | M11: =$Y11/12 -> 18000 | N11: =$Y11/12 -> 18000 | O11: =$Y11/12 -> 18000 | P11: =$Y11/12 -> 18000 | Q11: =$Y11/12 -> 18000 | R11: =$Y11/12 -> 18000 | S11: =$Y11/12 -> 18000 | T11: =$Y11/12 -> 18000 | ... X11: =$Y11/12 -> 18000 | Y11: 216000
C12: 4 | D12: Technical Manager (Geosciences) | E12: Alan McKeon | F12: Expat | G12: =IF(F12="Expat","Yes","No") -> Yes | H12: Fixed | I12: =IF(F12="Repatriate","Local — Venezuela",F12) -> Expat | J12: Not applicable | K12: Confirmed | L12: Expat; initially appointed Technical Manager of PU on secondment. | M12: =$Y12/12 -> 15000 | N12: =$Y12/12 -> 15000 | O12: =$Y12/12 -> 15000 | P12: =$Y12/12 -> 15000 | Q12: =$Y12/12 -> 15000 | R12: =$Y12/12 -> 15000 | S12: =$Y12/12 -> 15000 | T12: =$Y12/12 -> 15000 | ... X12: =$Y12/12 -> 15000 | Y12: 180000
C13: 5 | D13: Reservoir Engineer | E13: JJI | F13: Local | G13: =IF(F13="Expat","Yes","No") -> No | H13: Fixed | I13: =IF(F13="Repatriate","Local — Venezuela",F13) -> Local | J13: Not applicable | K13: Assumption | L13: Remote role. Local / Fixed is an editable assumption pending confirmation. | M13: =$Y13/12 -> 10000 | N13: =$Y13/12 -> 10000 | O13: =$Y13/12 -> 10000 | P13: =$Y13/12 -> 10000 | Q13: =$Y13/12 -> 10000 | R13: =$Y13/12 -> 10000 | S13: =$Y13/12 -> 10000 | T13: =$Y13/12 -> 10000 | ... X13: =$Y13/12 -> 10000 | Y13: 120000
C14: 6 | D14: Rig Company Man | E14: Marcelo Dantas | F14: Expat | G14: =IF(F14="Expat","Yes","No") -> Yes | H14: Rotation | I14: =IF(F14="Repatriate","Local — Venezuela",F14) -> Expat | J14: Not applicable | K14: Assumption | L14: Rotation confirmed from prior instructions; Expat contract is an editable assumption. | M14: =$Y14/12 -> 15000 | N14: =$Y14/12 -> 15000 | O14: =$Y14/12 -> 15000 | P14: =$Y14/12 -> 15000 | Q14: =$Y14/12 -> 15000 | R14: =$Y14/12 -> 15000 | S14: =$Y14/12 -> 15000 | T14: =$Y14/12 -> 15000 | ... X14: =$Y14/12 -> 15000 | Y14: 180000
C15: 7 | D15: Planning & PMO | E15: Jose Miguel | F15: Local | G15: =IF(F15="Expat","Yes","No") -> No | H15: Fixed | I15: =IF(F15="Repatriate","Local — Venezuela",F15) -> Local | J15: Not applicable | K15: Confirmed | L15: Local in Maracaibo or staff house; no cash housing allowance by default. | M15: =$Y15/12 -> 4000 | N15: =$Y15/12 -> 4000 | O15: =$Y15/12 -> 4000 | P15: =$Y15/12 -> 4000 | Q15: =$Y15/12 -> 4000 | R15: =$Y15/12 -> 4000 | S15: =$Y15/12 -> 4000 | T15: =$Y15/12 -> 4000 | ... X15: =$Y15/12 -> 4000 | Y15: 48000
C16: 8 | D16: Operations Support | E16: Leticia Almeida | F16: Local | G16: =IF(F16="Expat","Yes","No") -> No | H16: Fixed | I16: =IF(F16="Repatriate","Local — Venezuela",F16) -> Local | J16: Not applicable | K16: Confirmed | L16: Local in Maracaibo or staff house; no cash housing allowance by default. | M16: =$Y16/12 -> 4000 | N16: =$Y16/12 -> 4000 | O16: =$Y16/12 -> 4000 | P16: =$Y16/12 -> 4000 | Q16: =$Y16/12 -> 4000 | R16: =$Y16/12 -> 4000 | S16: =$Y16/12 -> 4000 | T16: =$Y16/12 -> 4000 | ... X16: =$Y16/12 -> 4000 | Y16: 48000
C17: TOTAL — 8 PEOPLE (COO EXCLUDED) | M17: =SUM(M9:M16) -> 99000 | N17: =SUM(N9:N16) -> 99000 | O17: =SUM(O9:O16) -> 99000 | P17: =SUM(P9:P16) -> 99000 | Q17: =SUM(Q9:Q16) -> 99000 | R17: =SUM(R9:R16) -> 99000 | S17: =SUM(S9:S16) -> 99000 | T17: =SUM(T9:T16) -> 99000 | ... Y17: =SUM(Y9:Y16) -> 1188000
C20: CLASSIFICATION SUMMARY
C21: Metric | D21: Count | E21: Meaning
C22: Expat | D22: =COUNTIF(F9:F16,"Expat") -> 2 | E22: M1–M6 contract type Expat
C23: Repatriate | D23: =COUNTIF(F9:F16,"Repatriate") -> 3 | E23: Transition to Local — Venezuela from M7
C24: Local | D24: =COUNTIF(F9:F16,"Local") -> 3 | E24: Local contract from M1 through M12
C25: Fixed | D25: =COUNTIF(H9:H16,"Fixed") -> 7 | E25: Fixed work arrangement
C26: Rotation | D26: =COUNTIF(H9:H16,"Rotation") -> 1 | E26: Rotation work arrangement
C27: One-time transition bonuses | D27: =COUNTIF(J9:J16,"Eligible*") -> 3 | E27: M7 bonus only; amount is not yet set
C28: Assumptions to confirm | D28: =COUNTIF(K9:K16,"Assumption") -> 2 | E28: Editable classifications requiring confirmation

Sheet Contract Rules
C3: Contract and Benefit Rules by Stage
C5: Default policy view — individual packages may override these rules
C6: M1–M6 is initial stage | From M7 Repatriates operate as Local — Venezuela | Policy is subject to legal and HR validation
C8: Contract Type M1–M6 | D8: M1–M6 Benefits | E8: M7+ Employment Basis | F8: M7+ Medical | G8: M7+ Housing | H8: M7+ Tax Treatment | I8: M7+ Other Benefits | J8: One-Time Transition Bonus (M7) | K8: Default Status | L8: Policy Notes | M8: People Count
C9: Expat | D9: Medical insurance only | E9: Continues as Expat assignment | F9: Company-provided medical insurance | G9: Housing / allowance only under an approved individual package | H9: Company tax support / equalisation only where contractually approved | I9: Home leave and company transport only under approved package | J9: Not applicable | K9: Provisional | L9: No universal oil-and-gas benefit grid; package must reflect role, location and contract. | M9: =COUNTIF(Personnel!F9:F16,C9) -> 2
C10: Repatriate | D10: Medical insurance only | E10: Local — Venezuela from M7; document local payroll / employment basis | F10: Medical insurance according to approved local package | G10: City-based: local residence, staff house, hotel or allowance only if approved | H10: Employee assumes Venezuelan personal tax; apply local payroll and statutory treatment | I10: Company transport to work; local statutory benefits; any additional benefit requires individual approval | J10: Eligible once at M7; amount TBD; not recurring; not in monthly base salary | K10: Confirmed policy direction | L10: One-time bonus is a transition/localisation support—not an annual incentive. Legal review determines salary and tax treatment. | M10: =COUNTIF(Personnel!F9:F16,C10) -> 3
C11: Local | D11: Medical insurance only | E11: Local — Venezuela | F11: Medical insurance according to approved local package | G11: Local residence or staff house; no cash housing allowance by default | H11: Employee assumes Venezuelan personal tax; apply local payroll and statutory treatment | I11: Company transport according to role; local statutory benefits | J11: Not applicable | K11: Provisional | L11: No international home leave or expat allowance by default. | M11: =COUNTIF(Personnel!F9:F16,C11) -> 3
C14: WORK ARRANGEMENT RULES
C15: Work Arrangement | D15: Application | E15: M1–M6 | F15: M7+ Housing / Lodging | G15: M7+ Travel / Leave | H15: Notes | I15: People Count
C16: Fixed | D16: Continuous assignment to the role | E16: Medical insurance only | F16: Based on contract type, city and approved package | G16: According to contract type / local policy | H16: JJI is Fixed but Remote; Remote is noted separately. | I16: =COUNTIF(Personnel!H9:H16,C16) -> 7
C17: Rotation | D17: Roster-based presence in Venezuela | E17: Medical insurance only | F17: Hotel, staff house or rotational lodging; avoid duplicate permanent housing | G17: Rotation roster travel replaces or supplements home leave only if approved | H17: Marcelo Dantas is currently shown as Rotation. | I17: =COUNTIF(Personnel!H9:H16,C17) -> 1
C20: Policy decision recorded: every Repatriate receives only a one-time M7 transition / repatriation bonus and thereafter is treated as Local — Venezuela. This is not a recurring bonus and is excluded from the monthly base salary. The amount, whether it is salary for Venezuelan labor purposes, the payroll / tax / social-security treatment, immigration status, and local statutory benefits must be approved by Venezuelan legal, tax and HR advisers before implementation. Venezuelan rules apply to employment relationships performed in Venezuela, irrespective of nationality.
